ts, day,vehicle_id,trip,lat,lon
2.166666666666664, 1, 1,1, -2.0,-198.78666666666666
2.33333333333333, 1, 1,1, -2.0,-196.02
2.499999999999996, 1, 1,1, -2.0,-193.25333333333333
2.666666666666662, 1, 1,1, -2.0,-190.48666666666665
2.833333333333328, 1, 1,1, -2.0,-187.72
2.9999999999999942, 1, 1,1, -2.0,-184.95333333333332
3.1666666666666603, 1, 1,1, -2.0,-182.18666666666664
3.3333333333333264, 1, 1,1, -2.0,-179.41999999999996
3.4999999999999925, 1, 1,1, -2.0,-176.6533333333333
3.6666666666666585, 1, 1,1, -2.0,-173.88666666666663
3.8333333333333246, 1, 1,1, -2.0,-171.11999999999995
3.9999999999999907, 1, 1,1, -2.0,-168.3533333333333
4.166666666666657, 1, 2,1, 2.0,199.06333333333333
4.166666666666657, 1, 1,1, -2.0,-165.58666666666664
4.333333333333323, 1, 2,1, 2.0,196.29666666666665
4.333333333333323, 1, 1,1, -2.0,-162.82000000000002
4.499999999999989, 1, 2,1, 2.0,193.53
4.499999999999989, 1, 1,1, -2.0,-160.05333333333337
4.666666666666655, 1, 2,1, 2.0,190.76333333333332
4.666666666666655, 1, 1,1, -2.0,-157.28666666666675
4.8333333333333215, 1, 2,1, 2.0,187.99666666666667
4.8333333333333215, 1, 1,1, -2.0,-154.5200000000001
4.999999999999988, 1, 2,1, 2.0,185.23
4.999999999999988, 1, 1,1, -2.0,-151.75333333333347
5.166666666666654, 1, 2,1, 2.0,182.4633333333333
5.166666666666654, 1, 1,1, -2.0,-148.98666666666682
5.33333333333332, 1, 2,1, 2.0,179.69666666666663
5.33333333333332, 1, 1,1, -2.0,-146.2200000000002
5.499999999999986, 1, 2,1, 2.0,176.92999999999998
5.499999999999986, 1, 1,1, -2.0,-143.45333333333355
5.666666666666652, 1, 2,1, 2.0,174.1633333333333
5.666666666666652, 1, 1,1, -2.0,-140.68666666666692
5.833333333333318, 1, 2,1, 2.0,171.39666666666662
5.833333333333318, 1, 1,1, -2.0,-137.92000000000027
5.999999999999984, 1, 2,1, 2.0,168.62999999999994
5.999999999999984, 1, 1,1, -2.0,-135.1533333333336
6.16666666666665, 1, 2,1, 2.0,165.86333333333332
6.16666666666665, 1, 3,1, 2.0,199.34304495099295
6.16666666666665, 1, 1,1, -2.0,-132.38666666666688
6.333333333333316, 1, 2,1, 2.0,163.0966666666667
6.333333333333316, 1, 3,1, 2.0,196.59105893821467
6.333333333333316, 1, 1,1, -2.0,-129.62000000000018
6.499999999999982, 1, 2,1, 2.0,160.33000000000004
6.499999999999982, 1, 3,1, 2.0,193.84591413784932
6.499999999999982, 1, 1,1, -2.0,-126.85333333333347
6.666666666666648, 1, 2,1, 2.0,157.5633333333334
6.666666666666648, 1, 3,1, 2.0,191.10479656634868
6.666666666666648, 1, 1,1, -2.0,-124.08666666666676
6.833333333333314, 1, 2,1, 2.0,154.79666666666677
6.833333333333314, 1, 3,1, 2.0,188.3662357626705
6.833333333333314, 1, 1,1, -2.0,-121.32000000000005
6.9999999999999805, 1, 2,1, 2.0,152.03000000000014
6.9999999999999805, 1, 3,1, 2.0,185.62937445242872
6.9999999999999805, 1, 1,1, -2.0,-118.55333333333334
7.1666666666666465, 1, 2,1, 2.0,149.2633333333335
7.1666666666666465, 1, 3,1, 2.0,182.893676578814
7.1666666666666465, 1, 1,1, -2.0,-115.78666666666663
7.333333333333313, 1, 2,1, 2.0,146.49666666666684
7.333333333333313, 1, 3,1, 2.0,180.15879070573257
7.333333333333313, 1, 1,1, -2.0,-113.01999999999992
7.499999999999979, 1, 2,1, 2.0,143.73000000000022
7.499999999999979, 1, 3,1, 2.0,177.4244787099074
7.499999999999979, 1, 1,1, -2.0,-110.25333333333322
7.666666666666645, 1, 2,1, 2.0,140.9633333333336
7.666666666666645, 1, 3,1, 2.0,174.69057541702125
7.666666666666645, 1, 1,1, -2.0,-107.48666666666651
7.833333333333311, 1, 2,1, 2.0,138.19666666666694
7.833333333333311, 1, 3,1, 2.0,171.95696429968498
7.833333333333311, 1, 1,1, -2.0,-104.7199999999998
7.999999999999977, 1, 2,1, 2.0,135.43000000000026
7.999999999999977, 1, 3,1, 2.0,169.22356213100153
7.999999999999977, 1, 1,1, -2.0,-101.95333333333309
8.166666666666652, 1, 2,1, 2.0,132.66333333333355
8.166666666666652, 1, 3,1, 2.0,166.49030892802654
8.166666666666652, 1, 1,1, -2.0,-99.18666666666638
8.166666666666652, 1, 4,1, -2.0,-199.61688260710991
8.333333333333327, 1, 2,1, 2.0,129.89666666666685
8.333333333333327, 1, 3,1, 2.0,163.7571611700472
8.333333333333327, 1, 1,1, -2.0,-96.41999999999967
8.333333333333327, 1, 4,1, -2.0,-196.8519291545526
8.500000000000002, 1, 2,1, 2.0,127.13000000000014
8.500000000000002, 1, 3,1, 2.0,161.0240871230792
8.500000000000002, 1, 1,1, -2.0,-93.65333333333297
8.500000000000002, 1, 4,1, -2.0,-194.08848701477626
8.666666666666677, 1, 2,1, 2.0,124.36333333333343
8.666666666666677, 1, 3,1, 2.0,158.29106356136836
8.666666666666677, 1, 1,1, -2.0,-90.88666666666626
8.666666666666677, 1, 4,1, -2.0,-191.32637427703898
8.833333333333352, 1, 2,1, 2.0,121.59666666666672
8.833333333333352, 1, 3,1, 2.0,155.5580734385638
8.833333333333352, 1, 1,1, -2.0,-88.11999999999955
8.833333333333352, 1, 4,1, -2.0,-188.5654334818822
9.000000000000027, 1, 2,1, 2.0,118.83000000000001
9.000000000000027, 1, 3,1, 2.0,152.82510421712675
9.000000000000027, 1, 1,1, -2.0,-85.35333333333284
9.000000000000027, 1, 4,1, -2.0,-185.80552779971782
9.166666666666702, 1, 2,1, 2.0,116.0633333333333
9.166666666666702, 1, 3,1, 2.0,150.09214666094474
9.166666666666702, 1, 1,1, -2.0,-82.58666666666613
9.166666666666702, 1, 4,1, -2.0,-183.04653791510907
9.333333333333377, 1, 2,1, 2.0,113.2966666666666
9.333333333333377, 1, 3,1, 2.0,147.35919395775701
9.333333333333377, 1, 1,1, -2.0,-79.81999999999942
9.333333333333377, 1, 4,1, -2.0,-180.28835946472685
9.500000000000052, 1, 2,1, 2.0,110.52999999999989
9.500000000000052, 1, 3,1, 2.0,144.62624107854182
9.500000000000052, 1, 1,1, -2.0,-77.05333333333272
9.500000000000052, 1, 4,1, -2.0,-177.53090091416297
9.666666666666726, 1, 2,1, 2.0,107.76333333333318
9.666666666666726, 1, 3,1, 2.0,141.89328430833731
9.666666666666726, 1, 1,1, -2.0,-74.28666666666601
9.666666666666726, 1, 4,1, -2.0,-174.77408178588507
9.833333333333401, 1, 2,1, 2.0,104.99666666666647
9.833333333333401, 1, 3,1, 2.0,139.160320901747
9.833333333333401, 1, 1,1, -2.0,-71.5199999999993
9.833333333333401, 1, 4,1, -2.0,-172.01783117061532
10.000000000000076, 1, 2,1, 2.0,102.22999999999976
10.000000000000076, 1, 3,1, 2.0,136.42734882949682
10.000000000000076, 1, 1,1, -2.0,-68.75333333333259
10.000000000000076, 1, 4,1, -2.0,-169.26208646933927
10.166666666666751, 1, 2,1, 2.0,99.46333333333305
10.166666666666751, 1, 3,1, 2.0,133.69436659168986
10.166666666666751, 1, 5,1, 199.61666666666667,-2.0
10.166666666666751, 1, 1,1, -2.0,-65.98666666666588
10.166666666666751, 1, 4,1, -2.0,-166.50679232440683
10.333333333333426, 1, 2,1, 2.0,96.69666666666635
10.333333333333426, 1, 3,1, 2.0,130.96137308003745
10.333333333333426, 1, 5,1, 196.85,-2.0
10.333333333333426, 1, 1,1, -2.0,-63.219999999999175
10.333333333333426, 1, 4,1, -2.0,-163.75189970676462
10.500000000000101, 1, 2,1, 2.0,93.92999999999964
10.500000000000101, 1, 3,1, 2.0,128.2283674761206
10.500000000000101, 1, 5,1, 194.08333333333334,-2.0
10.500000000000101, 1, 1,1, -2.0,-60.453333333332466
10.500000000000101, 1, 4,1, -2.0,-160.9973651329511
10.666666666666776, 1, 2,1, 2.0,91.16333333333293
10.666666666666776, 1, 3,1, 2.0,125.49534917619637
10.666666666666776, 1, 5,1, 191.31666666666666,-2.0
10.666666666666776, 1, 1,1, -2.0,-57.68666666666576
10.666666666666776, 1, 4,1, -2.0,-158.24314999060192
10.833333333333451, 1, 2,1, 2.0,88.39666666666622
10.833333333333451, 1, 3,1, 2.0,122.76231773558563
10.833333333333451, 1, 5,1, 188.54999999999998,-2.0
10.833333333333451, 1, 1,1, -2.0,-54.91999999999905
10.833333333333451, 1, 4,1, -2.0,-155.48921995521087
11.000000000000126, 1, 2,1, 2.0,85.62999999999951
11.000000000000126, 1, 3,1, 2.0,120.02927282751781
11.000000000000126, 1, 5,1, 185.78333333333333,-2.0
11.000000000000126, 1, 1,1, -2.0,-52.15333333333234
11.000000000000126, 1, 4,1, -2.0,-152.73554448404465
11.166666666666801, 1, 2,1, 2.0,82.8633333333328
11.166666666666801, 1, 3,1, 2.0,117.29621421265854
11.166666666666801, 1, 5,1, 183.01666666666665,-2.0
11.166666666666801, 1, 1,1, -2.0,-49.38666666666563
11.166666666666801, 1, 4,1, -2.0,-149.9820963756115
11.333333333333476, 1, 2,1, 2.0,80.0966666666661
11.333333333333476, 1, 3,1, 2.0,114.56314171653636
11.333333333333476, 1, 5,1, 180.24999999999997,-2.0
11.333333333333476, 1, 1,1, -2.0,-46.619999999998925
11.333333333333476, 1, 4,1, -2.0,-147.22885138508335
11.500000000000151, 1, 2,1, 2.0,77.32999999999939
11.500000000000151, 1, 3,1, 2.0,111.83005521281386
11.500000000000151, 1, 5,1, 177.4833333333333,-2.0
11.500000000000151, 1, 1,1, -2.0,-43.853333333332216
11.500000000000151, 1, 4,1, -2.0,-144.4757878876818
11.666666666666826, 1, 2,1, 2.0,74.56333333333268
11.666666666666826, 1, 3,1, 2.0,109.0969546108848
11.666666666666826, 1, 5,1, 174.71666666666664,-2.0
11.666666666666826, 1, 1,1, -2.0,-41.08666666666551
11.666666666666826, 1, 4,1, -2.0,-141.7228865833408
11.833333333333501, 1, 2,1, 2.0,71.79666666666597
11.833333333333501, 1, 3,1, 2.0,106.36383984667526
11.833333333333501, 1, 5,1, 171.94999999999996,-2.0
11.833333333333501, 1, 1,1, -2.0,-38.3199999999988
11.833333333333501, 1, 4,1, -2.0,-138.9701302370214
12.000000000000176, 1, 2,1, 2.0,69.02999999999926
12.000000000000176, 1, 3,1, 2.0,103.63071087581855
12.000000000000176, 1, 5,1, 169.18333333333328,-2.0
12.000000000000176, 1, 1,1, -2.0,-35.55333333333209
12.000000000000176, 1, 4,1, -2.0,-136.21750344992492
12.16666666666685, 1, 2,1, 2.0,66.26333333333255
12.16666666666685, 1, 3,1, 2.0,100.89756766858936
12.16666666666685, 1, 5,1, 166.41666666666663,-2.0
12.16666666666685, 1, 6,1, 199.61884832892812,-2.0
12.16666666666685, 1, 1,1, -2.0,-32.78666666666538
12.16666666666685, 1, 4,1, -2.0,-133.46499245756667
12.333333333333526, 1, 2,1, 2.0,63.496666666665845
12.333333333333526, 1, 3,1, 2.0,98.1644102061428
12.333333333333526, 1, 5,1, 163.65,-2.0
12.333333333333526, 1, 6,1, 196.86611051130467,-2.0
12.333333333333526, 1, 1,1, -2.0,-30.019999999998674
12.333333333333526, 1, 4,1, -2.0,-130.71258495126864
12.5000000000002, 1, 2,1, 2.0,60.72999999999914
12.5000000000002, 1, 3,1, 2.0,95.43123847772085
12.5000000000002, 1, 5,1, 160.88333333333338,-2.0
12.5000000000002, 1, 6,1, 194.1206665056636,-2.0
12.5000000000002, 1, 1,1, -2.0,-27.253333333331966
12.5000000000002, 1, 4,1, -2.0,-127.96026992012266
12.666666666666876, 1, 2,1, 2.0,57.96333333333243
12.666666666666876, 1, 3,1, 2.0,92.69805247857698
12.666666666666876, 1, 5,1, 158.11666666666673,-2.0
12.666666666666876, 1, 6,1, 191.37944885440655,-2.0
12.666666666666876, 1, 1,1, -2.0,-24.486666666665258
12.666666666666876, 1, 4,1, -2.0,-125.20803751089113
12.83333333333355, 1, 2,1, 2.0,55.19666666666572
12.83333333333355, 1, 3,1, 2.0,89.96485220843364
12.83333333333355, 1, 5,1, 155.35000000000008,-2.0
12.83333333333355, 1, 6,1, 188.6408878031852,-2.0
12.83333333333355, 1, 1,1, -2.0,-21.71999999999855
12.83333333333355, 1, 4,1, -2.0,-122.45587890365996
13.000000000000226, 1, 2,1, 2.0,52.42999999999901
13.000000000000226, 1, 3,1, 2.0,87.23163767033566
13.000000000000226, 1, 5,1, 152.58333333333346,-2.0
13.000000000000226, 1, 6,1, 185.90408022929486,-2.0
13.000000000000226, 1, 1,1, -2.0,-18.95333333333184
13.000000000000226, 1, 4,1, -2.0,-119.70378620135247
13.1666666666669, 1, 2,1, 2.0,49.663333333332304
13.1666666666669, 1, 3,1, 2.0,84.49840886979729
13.1666666666669, 1, 5,1, 149.81666666666683,-2.0
13.1666666666669, 1, 6,1, 183.16846658317084,-2.0
13.1666666666669, 1, 1,1, -2.0,-16.186666666665133
13.1666666666669, 1, 4,1, -2.0,-116.95175233146301
13.333333333333576, 1, 2,1, 2.0,46.896666666665595
13.333333333333576, 1, 3,1, 2.0,81.76516581416787
13.333333333333576, 1, 5,1, 147.05000000000018,-2.0
13.333333333333576, 1, 6,1, 180.4336825334068,-2.0
13.333333333333576, 1, 1,1, -2.0,-13.419999999998424
13.333333333333576, 1, 4,1, -2.0,-114.19977095858131
13.50000000000025, 1, 2,1, 2.0,44.12999999999889
13.50000000000025, 1, 3,1, 2.0,79.0319085121598
13.50000000000025, 1, 5,1, 144.28333333333353,-2.0
13.50000000000025, 1, 6,1, 177.69948254954662,-2.0
13.50000000000025, 1, 1,1, -2.0,-10.653333333331716
13.50000000000025, 1, 4,1, -2.0,-111.44783640646003
13.666666666666925, 1, 2,1, 2.0,41.36333333333218
13.666666666666925, 1, 3,1, 2.0,76.29863697349708
13.666666666666925, 1, 5,1, 141.5166666666669,-2.0
13.666666666666925, 1, 6,1, 174.96569708000627,-2.0
13.666666666666925, 1, 1,1, -2.0,-7.886666666665008
13.666666666666925, 1, 4,1, -2.0,-108.69594358853436
13.8333333333336, 1, 2,1, 2.0,38.59666666666547
13.8333333333336, 1, 3,1, 2.0,73.56535120865358
13.8333333333336, 1, 5,1, 138.75000000000028,-2.0
13.8333333333336, 1, 6,1, 172.23220697177362,-2.0
13.8333333333336, 1, 1,1, -2.0,-5.119999999998299
13.8333333333336, 1, 4,1, -2.0,-105.94408794593664
14.000000000000275, 1, 2,1, 2.0,35.82999999999876
14.000000000000275, 1, 3,1, 2.0,70.83205122865829
14.000000000000275, 1, 5,1, 135.9833333333336,-2.0
14.000000000000275, 1, 6,1, 169.49892741806536,-2.0
14.000000000000275, 1, 1,1, -2.0,-2.353333333331591
14.000000000000275, 1, 4,1, -2.0,-103.19226539216478
14.16666666666695, 1, 2,1, 2.0,33.063333333332054
14.16666666666695, 1, 3,1, 2.0,68.09873704495001
14.16666666666695, 1, 7,1, 2.0,199.61701186768633
14.16666666666695, 1, 5,1, 133.2166666666669,-2.0
14.16666666666695, 1, 6,1, 166.76579749347974,-2.0
14.16666666666695, 1, 4,1, -2.0,-100.44036723911336
14.16666666666695, 1, 1,1, -1.0218356193586093,-1.9781643806413907
14.333333333333625, 1, 2,1, 2.0,30.296666666665345
14.333333333333625, 1, 3,1, 2.0,65.36540866926916
14.333333333333625, 1, 7,1, 2.0,196.8530865539101
14.333333333333625, 1, 5,1, 130.4500000000002,-2.0
14.333333333333625, 1, 6,1, 164.03277312773812,-2.0
14.333333333333625, 1, 4,1, -2.0,-97.68774423880052
14.333333333333625, 1, 1,1, -3.49,-2.0
14.5000000000003, 1, 2,1, 2.0,27.529999999998637
14.5000000000003, 1, 3,1, 2.0,62.632066113577196
14.5000000000003, 1, 7,1, 2.0,194.09158549048757
14.5000000000003, 1, 5,1, 127.68333333333348,-2.0
14.5000000000003, 1, 6,1, 161.2998222800264,-2.0
14.5000000000003, 1, 4,1, -2.0,-94.93433559149808
14.5000000000003, 1, 1,1, -6.256666666666667,-2.0
14.666666666666975, 1, 2,1, 2.0,24.76333333333193
14.666666666666975, 1, 3,1, 2.0,59.89870938999621
14.666666666666975, 1, 7,1, 2.0,191.33222221440553
14.666666666666975, 1, 5,1, 124.91666666666677,-2.0
14.666666666666975, 1, 6,1, 158.56692156676718,-2.0
14.666666666666975, 1, 4,1, -2.0,-92.1801849483754
14.666666666666975, 1, 1,1, -9.023333333333332,-2.0
14.83333333333365, 1, 2,1, 2.0,21.99666666666522
14.83333333333365, 1, 3,1, 2.0,57.165338510764485
14.83333333333365, 1, 7,1, 2.0,188.57474810442704
14.83333333333365, 1, 5,1, 122.15000000000006,-2.0
14.83333333333365, 1, 6,1, 155.83405387376507,-2.0
14.83333333333365, 1, 4,1, -2.0,-89.42533356791316
14.83333333333365, 1, 1,1, -11.790000000000004,-2.0
15.000000000000325, 1, 2,1, 2.0,19.229999999998512
15.000000000000325, 1, 3,1, 2.0,54.43195348820254
15.000000000000325, 1, 7,1, 2.0,185.81894655479636
15.000000000000325, 1, 5,1, 119.38333333333335,-2.0
15.000000000000325, 1, 6,1, 153.10120664836865,-2.0
15.000000000000325, 1, 4,1, -2.0,-86.66982044351931
15.000000000000325, 1, 1,1, -14.556666666666677,-2.0
15.166666666667, 1, 2,1, 2.0,16.463333333331803
15.166666666667, 1, 3,1, 2.0,51.69855433468851
15.166666666667, 1, 7,1, 2.0,183.06462821185158
15.166666666667, 1, 5,1, 116.61666666666665,-2.0
15.166666666667, 1, 6,1, 150.368370668696,-2.0
15.166666666667, 1, 4,1, -2.0,-83.91368242472282
15.166666666667, 1, 1,1, -17.32333333333335,-2.0
15.333333333333675, 1, 2,1, 2.0,13.696666666665095
15.333333333333675, 1, 3,1, 2.0,48.965141062639276
15.333333333333675, 1, 7,1, 2.0,180.31162704680042
15.333333333333675, 1, 5,1, 113.84999999999994,-2.0
15.333333333333675, 1, 6,1, 147.63553915155404,-2.0
15.333333333333675, 1, 4,1, -2.0,-81.15695433222676
15.333333333333675, 1, 1,1, -20.09000000000002,-2.0
15.50000000000035, 1, 2,1, 2.0,10.929999999998387
15.50000000000035, 1, 3,1, 2.0,46.23171368449667
15.50000000000035, 1, 7,1, 2.0,177.5597970929648
15.50000000000035, 1, 5,1, 111.08333333333323,-2.0
15.50000000000035, 1, 6,1, 144.9027071030216,-2.0
15.50000000000035, 1, 4,1, -2.0,-78.39966906709357
15.50000000000035, 1, 1,1, -22.856666666666694,-2.0
15.666666666667025, 1, 2,1, 2.0,8.163333333331678
15.666666666667025, 1, 3,1, 2.0,43.49827221271704
15.666666666667025, 1, 7,1, 2.0,174.80900971600465
15.666666666667025, 1, 5,1, 108.31666666666652,-2.0
15.666666666667025, 1, 6,1, 142.16987084411358,-2.0
15.666666666667025, 1, 4,1, -2.0,-75.64185771432828
15.666666666667025, 1, 1,1, -25.623333333333367,-2.0
15.8333333333337, 1, 2,1, 2.0,5.39666666666497
15.8333333333337, 1, 3,1, 2.0,40.764816659763596
15.8333333333337, 1, 7,1, 2.0,172.0591513153638
15.8333333333337, 1, 5,1, 105.54999999999981,-2.0
15.8333333333337, 1, 6,1, 139.43702766343895,-2.0
15.8333333333337, 1, 4,1, -2.0,-72.88354964111693
15.8333333333337, 1, 1,1, -28.39000000000004,-2.0
16.000000000000373, 1, 2,1, 2.0,2.6299999999982617
16.000000000000373, 1, 3,1, 2.0,38.031347038100364
16.000000000000373, 1, 7,1, 2.0,169.3101213774192
16.000000000000373, 1, 5,1, 102.7833333333331,-2.0
16.000000000000373, 1, 6,1, 136.70417556235026,-2.0
16.000000000000373, 1, 4,1, -2.0,-70.12477258996915
16.000000000000373, 1, 1,1, -31.156666666666712,-2.0
16.16666666666703, 1, 8,1, -199.61666666666667,2.0
16.16666666666703, 1, 3,1, 2.0,35.297723639464664
16.16666666666703, 1, 7,1, 2.0,166.56183026587016
16.16666666666703, 1, 5,1, 100.0166666666664,-2.0
16.16666666666703, 1, 6,1, 133.97131306766482,-2.0
16.16666666666703, 1, 4,1, -2.0,-67.36555276700534
16.16666666666703, 1, 1,1, -33.923333333333375,-2.0
16.16666666666703, 1, 2,1, 2.0,-0.10666666666666669
16.333333333333687, 1, 8,1, -196.85,2.0
16.333333333333687, 1, 3,1, 2.0,32.562583486952605
16.333333333333687, 1, 7,1, 2.0,163.81416230507395
16.333333333333687, 1, 5,1, 97.24999999999969,-2.0
16.333333333333687, 1, 6,1, 131.23843909387227,-2.0
16.333333333333687, 1, 4,1, -2.0,-64.60591492561957
16.333333333333687, 1, 1,1, -36.69000000000001,-2.0
16.333333333333687, 1, 2,1, 2.0,-2.66
16.500000000000345, 1, 8,1, -194.08333333333334,2.0
16.500000000000345, 1, 3,1, 2.0,29.82569547712697
16.500000000000345, 1, 7,1, 2.0,161.06696665945765
16.500000000000345, 1, 5,1, 94.48333333333298,-2.0
16.500000000000345, 1, 6,1, 128.50555284165068,-2.0
16.500000000000345, 1, 4,1, -2.0,-61.84588244574246
16.500000000000345, 1, 1,1, -39.45666666666665,-2.0
16.500000000000345, 1, 2,1, 2.0,-5.426666666666668
16.666666666667002, 1, 8,1, -191.31666666666666,2.0
16.666666666667002, 1, 3,1, 2.0,27.087155022261015
16.666666666667002, 1, 7,1, 2.0,158.32011299328295
16.666666666667002, 1, 5,1, 91.71666666666627,-2.0
16.666666666667002, 1, 6,1, 125.77265372306206,-2.0
16.666666666667002, 1, 4,1, -2.0,-59.08547740891717
16.666666666667002, 1, 1,1, -42.22333333333329,-2.0
16.666666666667002, 1, 2,1, 2.0,-8.193333333333332
16.83333333333366, 1, 8,1, -188.54999999999998,2.0
16.83333333333366, 1, 3,1, 2.0,24.34705248619926
16.83333333333366, 1, 7,1, 2.0,155.57349189568808
16.83333333333366, 1, 5,1, 88.94999999999956,-2.0
16.83333333333366, 1, 6,1, 123.0397413063754,-2.0
16.83333333333366, 1, 4,1, -2.0,-56.32472066939542
16.83333333333366, 1, 1,1, -44.989999999999924,-2.0
16.83333333333366, 1, 2,1, 2.0,-10.960000000000003
17.000000000000316, 1, 8,1, -185.78333333333333,2.0
17.000000000000316, 1, 3,1, 2.0,21.605473434336574
17.000000000000316, 1, 7,1, 2.0,152.82701159032874
17.000000000000316, 1, 5,1, 86.18333333333285,-2.0
17.000000000000316, 1, 6,1, 120.30681527534239,-2.0
17.000000000000316, 1, 4,1, -2.0,-53.56363192145031
17.000000000000316, 1, 1,1, -47.75666666666656,-2.0
17.000000000000316, 1, 2,1, 2.0,-13.726666666666675
17.166666666666973, 1, 8,1, -183.01666666666665,2.0
17.166666666666973, 1, 3,1, 2.0,18.862498873069
17.166666666666973, 1, 7,1, 2.0,150.08059521472336
17.166666666666973, 1, 5,1, 83.41666666666615,-2.0
17.166666666666973, 1, 6,1, 117.57387539912462,-2.0
17.166666666666973, 1, 4,1, -2.0,-50.80222976309568
17.166666666666973, 1, 1,1, -50.5233333333332,-2.0
17.166666666666973, 1, 2,1, 2.0,-16.493333333333347
17.33333333333363, 1, 8,1, -180.24999999999997,2.0
17.33333333333363, 1, 3,1, 2.0,16.11820547895354
17.33333333333363, 1, 7,1, 2.0,147.33417855744375
17.33333333333363, 1, 5,1, 80.64999999999944,-2.0
17.33333333333363, 1, 6,1, 114.84092151007543,-2.0
17.33333333333363, 1, 4,1, -2.0,-48.040531756392795
17.33333333333363, 1, 1,1, -53.289999999999836,-2.0
17.33333333333363, 1, 2,1, 2.0,-19.26000000000002
17.500000000000288, 1, 8,1, -177.4833333333333,2.0
17.500000000000288, 1, 3,1, 2.0,13.3726658178349
17.500000000000288, 1, 7,1, 2.0,144.58770816604482
17.500000000000288, 1, 5,1, 77.88333333333273,-2.0
17.500000000000288, 1, 6,1, 112.107953487318,-2.0
17.500000000000288, 1, 4,1, -2.0,-45.278554484517514
17.500000000000288, 1, 1,1, -56.05666666666647,-2.0
17.500000000000288, 1, 2,1, 2.0,-22.026666666666692
17.666666666666945, 1, 8,1, -174.71666666666664,2.0
17.666666666666945, 1, 3,1, 2.0,10.625948554212641
17.666666666666945, 1, 7,1, 2.0,141.84113975730088
17.666666666666945, 1, 5,1, 75.11666666666602,-2.0
17.666666666666945, 1, 6,1, 109.37497124460225,-2.0
17.666666666666945, 1, 4,1, -2.0,-42.51631360575348
17.666666666666945, 1, 1,1, -58.82333333333311,-2.0
17.666666666666945, 1, 2,1, 2.0,-24.793333333333365
17.833333333333602, 1, 8,1, -171.94999999999996,2.0
17.833333333333602, 1, 3,1, 2.0,7.878118651136987
17.833333333333602, 1, 7,1, 2.0,139.094436875544
17.833333333333602, 1, 5,1, 72.34999999999931,-2.0
17.833333333333602, 1, 6,1, 106.64197472132251,-2.0
17.833333333333602, 1, 4,1, -2.0,-39.75382390456943
17.833333333333602, 1, 1,1, -61.58999999999975,-2.0
17.833333333333602, 1, 2,1, 2.0,-27.560000000000038
18.00000000000026, 1, 8,1, -169.18333333333328,2.0
18.00000000000026, 1, 3,1, 2.0,5.129237560928971
18.00000000000026, 1, 7,1, 2.0,136.3475697558406
18.00000000000026, 1, 5,1, 69.5833333333326,-2.0
18.00000000000026, 1, 6,1, 103.90896387587047,-2.0
18.00000000000026, 1, 4,1, -2.0,-36.99109933993071
18.00000000000026, 1, 1,1, -64.35666666666638,-2.0
18.00000000000026, 1, 2,1, 2.0,-30.32666666666671
18.166666666666917, 1, 8,1, -166.41666666666663,2.0
18.166666666666917, 1, 9,1, -199.8947111975803,2.0
18.166666666666917, 1, 3,1, 2.0,2.379363407028137
18.166666666666917, 1, 7,1, 2.0,133.60051435723034
18.166666666666917, 1, 5,1, 66.8166666666659,-2.0
18.166666666666917, 1, 6,1, 101.1759386807149,-2.0
18.166666666666917, 1, 4,1, -2.0,-34.22815309098962
18.166666666666917, 1, 1,1, -67.12333333333308,-2.0
18.166666666666917, 1, 2,1, 2.0,-33.09333333333338
18.333333333333574, 1, 8,1, -163.65,2.0
18.333333333333574, 1, 9,1, -197.1407794857145,2.0
18.333333333333574, 1, 7,1, 2.0,130.85318510982438
18.333333333333574, 1, 5,1, 64.04999999999919,-2.0
18.333333333333574, 1, 6,1, 98.4428991187578,-2.0
18.333333333333574, 1, 4,1, -2.0,-31.464997600290303
18.333333333333574, 1, 1,1, -69.88999999999979,-2.0
18.333333333333574, 1, 2,1, 2.0,-35.86000000000002
18.333333333333574, 1, 3,1, 2.0,-0.10043407973553364
18.50000000000023, 1, 8,1, -160.88333333333338,2.0
18.50000000000023, 1, 9,1, -194.39455744861425,2.0
18.50000000000023, 1, 7,1, 2.0,128.10492749402152
18.50000000000023, 1, 5,1, 61.28333333333248,-2.0
18.50000000000023, 1, 6,1, 95.70984518063536,-2.0
18.50000000000023, 1, 4,1, -2.0,-28.701644614619653
18.50000000000023, 1, 1,1, -72.6566666666665,-2.0
18.50000000000023, 1, 2,1, 2.0,-38.62666666666666
18.50000000000023, 1, 3,1, 2.0,-2.6498113877081004
18.666666666666888, 1, 8,1, -158.11666666666673,2.0
18.666666666666888, 1, 9,1, -191.6527800149448,2.0
18.666666666666888, 1, 7,1, 2.0,125.35564233302071
18.666666666666888, 1, 5,1, 58.51666666666577,-2.0
18.666666666666888, 1, 6,1, 92.97677686271786,-2.0
18.666666666666888, 1, 4,1, -2.0,-25.93810522362716
18.666666666666888, 1, 1,1, -75.4233333333332,-2.0
18.666666666666888, 1, 2,1, 2.0,-41.393333333333295
18.666666666666888, 1, 3,1, 2.0,-5.395325550036674
18.833333333333545, 1, 8,1, -155.35000000000008,2.0
18.833333333333545, 1, 9,1, -188.91379035870125,2.0
18.833333333333545, 1, 7,1, 2.0,122.60538646753514
18.833333333333545, 1, 5,1, 55.74999999999906,-2.0
18.833333333333545, 1, 6,1, 90.24369416562696,-2.0
18.833333333333545, 1, 4,1, -2.0,-23.1743898963326
18.833333333333545, 1, 1,1, -78.18999999999991,-2.0
18.833333333333545, 1, 2,1, 2.0,-44.15999999999993
18.833333333333545, 1, 3,1, 2.0,-8.137351603483562
19.000000000000203, 1, 8,1, -152.58333333333346,2.0
19.000000000000203, 1, 9,1, -186.1766397482335,2.0
19.000000000000203, 1, 7,1, 2.0,119.85421364967148
19.000000000000203, 1, 5,1, 52.983333333332354,-2.0
19.000000000000203, 1, 6,1, 87.51059709313643,-2.0
19.000000000000203, 1, 4,1, -2.0,-20.41050851563304
19.000000000000203, 1, 1,1, -80.95666666666662,-2.0
19.000000000000203, 1, 2,1, 2.0,-46.92666666666657
19.000000000000203, 1, 3,1, 2.0,-10.877052915510623
19.16666666666686, 1, 8,1, -149.81666666666683,2.0
19.16666666666686, 1, 9,1, -183.4407419110161,2.0
19.16666666666686, 1, 7,1, 2.0,117.10217470473984
19.16666666666686, 1, 5,1, 50.239504166665654,-2.0
19.16666666666686, 1, 6,1, 84.77748565135664,-2.0
19.16666666666686, 1, 4,1, -2.0,-17.64647041091621
19.16666666666686, 1, 1,1, -83.72333333333333,-2.0
19.16666666666686, 1, 2,1, 2.0,-49.69333333333321
19.16666666666686, 1, 3,1, 2.0,-13.615149756470942
19.333333333333517, 1, 8,1, -147.05000000000018,2.0
19.333333333333517, 1, 9,1, -180.70571559574412,2.0
19.333333333333517, 1, 7,1, 2.0,114.34931768523991
19.333333333333517, 1, 5,1, 48.09673604609483,-2.0
19.333333333333517, 1, 6,1, 82.36574214344982,-2.0
19.333333333333517, 1, 4,1, -2.0,-14.882284388881004
19.333333333333517, 1, 1,1, -86.49000000000004,-2.0
19.333333333333517, 1, 2,1, 2.0,-52.459999999999845
19.333333333333517, 1, 3,1, 2.0,-16.352113023756498
19.500000000000174, 1, 8,1, -144.28333333333353,2.0
19.500000000000174, 1, 9,1, -177.97130394864675,2.0
19.500000000000174, 1, 7,1, 2.0,111.59568801732959
19.500000000000174, 1, 5,1, 46.316419120103774,-2.0
19.500000000000174, 1, 6,1, 80.36597084964882,-2.0
19.500000000000174, 1, 4,1, -2.0,-12.11795876266163
19.500000000000174, 1, 1,1, -89.25666666666675,-2.0
19.500000000000174, 1, 2,1, 2.0,-55.22666666666648
19.500000000000174, 1, 3,1, 2.0,-19.088262570129164
19.66666666666683, 1, 8,1, -141.5166666666669,2.0
19.66666666666683, 1, 9,1, -175.23732953024097,2.0
19.66666666666683, 1, 7,1, 2.0,108.84132864007842
19.66666666666683, 1, 5,1, 44.71667038216384,-2.0
19.66666666666683, 1, 6,1, 78.57734967512542,-2.0
19.66666666666683, 1, 4,1, -2.0,-9.353501379346227
19.66666666666683, 1, 1,1, -92.02333333333345,-2.0
19.66666666666683, 1, 2,1, 2.0,-57.99333333333312
19.66666666666683, 1, 3,1, 2.0,-21.82382170212846
19.83333333333349, 1, 8,1, -138.75000000000028,2.0
19.83333333333349, 1, 9,1, -172.5036675307258,2.0
19.83333333333349, 1, 7,1, 2.0,106.08628013780398
19.83333333333349, 1, 5,1, 43.22975409318772,-2.0
19.83333333333349, 1, 6,1, 76.9213389364968,-2.0
19.83333333333349, 1, 4,1, -2.0,-6.588919645977342
19.83333333333349, 1, 1,1, -94.79000000000016,-2.0
19.83333333333349, 1, 2,1, 2.0,-60.759999999999756
19.83333333333349, 1, 3,1, 2.0,-24.558949481920965
20.000000000000146, 1, 8,1, -135.9833333333336,2.0
20.000000000000146, 1, 9,1, -169.77022900061942,2.0
20.000000000000146, 1, 7,1, 2.0,103.33058086578343
20.000000000000146, 1, 5,1, 41.82093909092811,-2.0
20.000000000000146, 1, 6,1, 75.35755347953824,-2.0
20.000000000000146, 1, 4,1, -2.0,-3.824220554115101
20.000000000000146, 1, 1,1, -97.55666666666687,-2.0
20.000000000000146, 1, 2,1, 2.0,-63.526666666666394
20.000000000000146, 1, 3,1, 2.0,-27.293760902665667
20.166666666666803, 1, 8,1, -133.2166666666669,2.0
20.166666666666803, 1, 9,1, -167.0369499348326,2.0
20.166666666666803, 1, 7,1, 2.0,100.57426706962599
20.166666666666803, 1, 10,1, 2.0,200.1701073992194
20.166666666666803, 1, 5,1, 40.469470148084525,-2.0
20.166666666666803, 1, 6,1, 73.86180658821617,-2.0
20.166666666666803, 1, 4,1, -2.0,-1.05941070304209
20.166666666666803, 1, 1,1, -100.32333333333358,-2.0
20.166666666666803, 1, 2,1, 2.0,-66.29333333333307
20.166666666666803, 1, 3,1, 2.0,-30.02834002192409
20.33333333333346, 1, 8,1, -130.4500000000002,2.0
20.33333333333346, 1, 9,1, -164.30378394927624,2.0
20.33333333333346, 1, 7,1, 2.0,97.81737299858484
20.33333333333346, 1, 10,1, 2.0,197.4054645164092
20.33333333333346, 1, 5,1, 39.161749938424265,-2.0
20.33333333333346, 1, 6,1, 72.41821735315153,-2.0
20.33333333333346, 1, 1,1, -103.09000000000029,-2.0
20.33333333333346, 1, 4,1, -2.0,1.276495971789788
20.33333333333346, 1, 2,1, 2.0,-69.05999999999977
20.33333333333346, 1, 3,1, 2.0,-32.76274879569268
20.500000000000117, 1, 8,1, -127.68333333333348,2.0
20.500000000000117, 1, 9,1, -161.57069725190192,2.0
20.500000000000117, 1, 7,1, 2.0,95.05993101308007
20.500000000000117, 1, 10,1, 2.0,194.64301724789775
20.500000000000117, 1, 5,1, 37.88830611022394,-2.0
20.500000000000117, 1, 6,1, 71.01569658791601,-2.0
20.500000000000117, 1, 1,1, -105.856666666667,-2.0
20.500000000000117, 1, 4,1, -2.0,4.041509004163014
20.500000000000117, 1, 2,1, 2.0,-71.82666666666648
20.500000000000117, 1, 3,1, 2.0,-35.497033176403555
20.666666666666774, 1, 8,1, -124.91666666666677,2.0
20.666666666666774, 1, 9,1, -158.83766512704085,2.0
20.666666666666774, 1, 7,1, 2.0,92.30197168669518
20.666666666666774, 1, 10,1, 2.0,191.88243296882203
20.666666666666774, 1, 5,1, 36.64224454832518,-2.0
20.666666666666774, 1, 6,1, 69.64615369799756,-2.0
20.666666666666774, 1, 1,1, -108.6233333333337,-2.0
20.666666666666774, 1, 4,1, -2.0,6.806615138375658
20.666666666666774, 1, 2,1, 2.0,-74.59333333333319
20.666666666666774, 1, 3,1, 2.0,-38.23122740900238
20.83333333333343, 1, 8,1, -122.15000000000006,2.0
20.83333333333343, 1, 9,1, -156.10466944388006,2.0
20.83333333333343, 1, 7,1, 2.0,89.54352390290259
20.83333333333343, 1, 10,1, 2.0,189.1234336087387
20.83333333333343, 1, 5,1, 35.41838142510244,-2.0
20.83333333333343, 1, 6,1, 68.30348996765602,-2.0
20.83333333333343, 1, 1,1, -111.39000000000041,-2.0
20.83333333333343, 1, 4,1, -2.0,9.571809136879862
20.83333333333343, 1, 2,1, 2.0,-77.3599999999999
20.83333333333343, 1, 3,1, 2.0,-40.96535710631556
21.00000000000009, 1, 8,1, -119.38333333333335,2.0
21.00000000000009, 1, 9,1, -153.37169687229644,2.0
21.00000000000009, 1, 7,1, 2.0,86.78461494676414
21.00000000000009, 1, 10,1, 2.0,186.36578525279467
21.00000000000009, 1, 5,1, 34.21272022574155,-2.0
21.00000000000009, 1, 6,1, 66.98299165923024,-2.0
21.00000000000009, 1, 1,1, -114.15666666666712,-2.0
21.00000000000009, 1, 4,1, -2.0,12.337086056311133
21.00000000000009, 1, 2,1, 2.0,-80.12666666666661
21.00000000000009, 1, 3,1, 2.0,-43.699441478183545
21.166666666666746, 1, 8,1, -116.61666666666665,2.0
21.166666666666746, 1, 9,1, -150.63873759510545,2.0
21.166666666666746, 1, 7,1, 2.0,84.02527059184472
21.166666666666746, 1, 10,1, 2.0,183.60929007581646
21.166666666666746, 1, 5,1, 33.022118728183386,-2.0
21.166666666666746, 1, 6,1, 65.6809433190218,-2.0
21.166666666666746, 1, 1,1, -116.92333333333383,-2.0
21.166666666666746, 1, 4,1, -2.0,15.102441231015012
21.166666666666746, 1, 2,1, 2.0,-82.89333333333332
21.166666666666746, 1, 3,1, 2.0,-46.43349496294804
21.333333333333403, 1, 8,1, -113.84999999999994,2.0
21.333333333333403, 1, 9,1, -147.9057843730212,2.0
21.333333333333403, 1, 7,1, 2.0,81.26551518256811
21.333333333333403, 1, 10,1, 2.0,180.85378000561317
21.333333333333403, 1, 5,1, 31.84406734529591,-2.0
21.333333333333403, 1, 6,1, 64.39437020594735,-2.0
21.333333333333403, 1, 1,1, -119.69000000000054,-2.0
21.333333333333403, 1, 4,1, -2.0,17.867870257490683
21.333333333333403, 1, 2,1, 2.0,-85.66000000000003
21.333333333333403, 1, 3,1, 2.0,-49.16752843053255
21.50000000000006, 1, 8,1, -111.08333333333323,2.0
21.50000000000006, 1, 9,1, -145.1728318626219,2.0
21.50000000000006, 1, 7,1, 2.0,78.50537171223557
21.50000000000006, 1, 10,1, 2.0,178.09911168731796
21.50000000000006, 1, 5,1, 30.676536138821177,-2.0
21.50000000000006, 1, 6,1, 63.12086035709433,-2.0
21.50000000000006, 1, 1,1, -122.45666666666725,-2.0
21.50000000000006, 1, 4,1, -2.0,20.63336897970108
21.50000000000006, 1, 2,1, 2.0,-88.42666666666673
21.50000000000006, 1, 3,1, 2.0,-51.9015500747893
21.666666666666718, 1, 8,1, -108.31666666666652,2.0
21.666666666666718, 1, 9,1, -142.43987611712913,2.0
21.666666666666718, 1, 7,1, 2.0,75.74486189691916
21.666666666666718, 1, 10,1, 2.0,175.3451624399535
21.666666666666718, 1, 5,1, 29.517865984741263,-2.0
21.666666666666718, 1, 6,1, 61.85843786322775,-2.0
21.666666666666718, 1, 1,1, -125.22333333333395,-2.0
21.666666666666718, 1, 4,1, -2.0,23.39893347520178
21.666666666666718, 1, 2,1, 2.0,-91.19333333333344
21.666666666666718, 1, 3,1, 2.0,-54.63556607836194
21.833333333333375, 1, 8,1, -105.54999999999981,2.0
21.833333333333375, 1, 9,1, -139.7069142200221,2.0
21.833333333333375, 1, 7,1, 2.0,72.98400624543308
21.833333333333375, 1, 10,1, 2.0,172.59182697908957
21.833333333333375, 1, 5,1, 28.366689139844908,-2.0
21.833333333333375, 1, 6,1, 60.60547025340682,-2.0
21.833333333333375, 1, 1,1, -127.99000000000066,-2.0
21.833333333333375, 1, 4,1, -2.0,26.16456004204351
21.833333333333375, 1, 2,1, 2.0,-93.96000000000015
21.833333333333375, 1, 3,1, 2.0,-57.36958110979432
22.000000000000032, 1, 8,1, -102.7833333333331,2.0
22.000000000000032, 1, 9,1, -136.9739440155853,2.0
22.000000000000032, 1, 7,1, 2.0,70.22282412557846
22.000000000000032, 1, 10,1, 2.0,169.83901473770155
22.000000000000032, 1, 5,1, 27.2218699837519,-2.0
22.000000000000032, 1, 6,1, 59.360599293240455,-2.0
22.000000000000032, 1, 1,1, -130.75666666666737,-2.0
22.000000000000032, 1, 4,1, -2.0,28.930245186405564
22.000000000000032, 1, 2,1, 2.0,-96.72666666666686
22.000000000000032, 1, 3,1, 2.0,-60.10359869622825
22.16666666666669, 1, 8,1, -100.0166666666664,2.0
22.16666666666669, 1, 9,1, -134.24096391042292,2.0
22.16666666666669, 1, 7,1, 2.0,67.4613338268478
22.16666666666669, 1, 10,1, 2.0,167.08664765899343
22.16666666666669, 1, 11,1, 2.0,200.44715856215856
22.16666666666669, 1, 5,1, 26.082459970113547,-2.0
22.16666666666669, 1, 6,1, 58.122688280819034,-2.0
22.16666666666669, 1, 1,1, -133.52333333333408,-2.0
22.16666666666669, 1, 4,1, -2.0,31.695985610919692
22.16666666666669, 1, 2,1, 2.0,-99.49333333333357
22.16666666666669, 1, 3,1, 2.0,-62.83762150342508
22.333333333333346, 1, 8,1, -97.24999999999969,2.0
22.333333333333346, 1, 9,1, -131.50797272706149,2.0
22.333333333333346, 1, 7,1, 2.0,64.69955261976867
22.333333333333346, 1, 10,1, 2.0,164.33465836515873
22.333333333333346, 1, 11,1, 2.0,197.69711140583624
22.333333333333346, 1, 5,1, 24.947662815186163,-2.0
22.333333333333346, 1, 6,1, 56.890781237004575,-2.0
22.333333333333346, 1, 1,1, -136.2900000000008,-2.0
22.333333333333346, 1, 4,1, -2.0,34.46177820364628
22.333333333333346, 1, 2,1, 2.0,-102.26000000000028
22.333333333333346, 1, 3,1, 2.0,-65.57165154651206
22.500000000000004, 1, 8,1, -94.48333333333298,2.0
22.500000000000004, 1, 9,1, -128.77496959585898,2.0
22.500000000000004, 1, 7,1, 2.0,61.93749681205637
22.500000000000004, 1, 10,1, 2.0,161.58298862824404
22.500000000000004, 1, 11,1, 2.0,194.9595306174446
22.500000000000004, 1, 5,1, 23.816807211623768,-2.0
22.500000000000004, 1, 6,1, 55.664070847150185,-2.0
22.500000000000004, 1, 1,1, -139.0566666666675,-2.0
22.500000000000004, 1, 4,1, -2.0,37.22762002766671
22.500000000000004, 1, 2,1, 2.0,-105.02666666666698
22.500000000000004, 1, 3,1, 2.0,-68.3056903488053
22.66666666666666, 1, 8,1, -91.71666666666627,2.0
22.66666666666666, 1, 9,1, -126.04195387512908,2.0
22.66666666666666, 1, 7,1, 2.0,59.17518180174014
22.66666666666666, 1, 10,1, 2.0,158.83158808577326
22.66666666666666, 1, 11,1, 2.0,192.22843594853296
22.66666666666666, 1, 5,1, 22.689325173266297,-2.0
22.66666666666666, 1, 6,1, 54.441872959341595,-2.0
22.66666666666666, 1, 1,1, -141.8233333333342,-2.0
22.66666666666666, 1, 4,1, -2.0,39.993508311257614
22.66666666666666, 1, 2,1, 2.0,-107.79333333333369
22.66666666666666, 1, 3,1, 2.0,-71.03973906163239
22.833333333333318, 1, 8,1, -88.94999999999956,2.0
22.833333333333318, 1, 9,1, -123.30892509207325,2.0
22.833333333333318, 1, 7,1, 2.0,56.41262212741756
22.833333333333318, 1, 10,1, 2.0,156.0804131561864
22.833333333333318, 1, 11,1, 2.0,189.5011837891537
22.833333333333318, 1, 5,1, 21.56473466101687,-2.0
22.833333333333318, 1, 6,1, 53.223606074895855,-2.0
22.833333333333318, 1, 1,1, -144.5900000000009,-2.0
22.833333333333318, 1, 4,1, -2.0,42.759440438614845
22.833333333333318, 1, 2,1, 2.0,-110.5600000000004
22.833333333333318, 1, 3,1, 2.0,-73.77379855481196
22.999999999999975, 1, 8,1, -86.18333333333285,2.0
22.999999999999975, 1, 9,1, -120.57588289907338,2.0
22.999999999999975, 1, 7,1, 2.0,53.64983151578653
22.999999999999975, 1, 10,1, 2.0,153.32942611855245
22.999999999999975, 1, 11,1, 2.0,186.77637845424772
22.999999999999975, 1, 5,1, 20.442625510163452,-2.0
22.999999999999975, 1, 6,1, 52.008774695636845,-2.0
22.999999999999975, 1, 1,1, -147.35666666666762,-2.0
22.999999999999975, 1, 4,1, -2.0,45.52541394109662
22.999999999999975, 1, 2,1, 2.0,-113.32666666666711
22.999999999999975, 1, 3,1, 2.0,-76.5078694850261
23.166666666666632, 1, 8,1, -83.41666666666615,2.0
23.166666666666632, 1, 9,1, -117.84282704133291,2.0
23.166666666666632, 1, 7,1, 2.0,50.88682292659587
23.166666666666632, 1, 10,1, 2.0,150.57859432822778
23.166666666666632, 1, 11,1, 2.0,184.05320274159254
23.166666666666632, 1, 5,1, 19.322647936391434,-2.0
23.166666666666632, 1, 6,1, 50.79695568979864,-2.0
23.166666666666632, 1, 1,1, -150.12333333333433,-2.0
23.166666666666632, 1, 4,1, -2.0,48.291426488956816
23.166666666666632, 1, 2,1, 2.0,-116.09333333333382
23.166666666666632, 1, 3,1, 2.0,-79.24195234751971
23.33333333333329, 1, 8,1, -80.64999999999944,2.0
23.33333333333329, 1, 9,1, -115.10975733290837,2.0
23.33333333333329, 1, 7,1, 2.0,48.123608595150046
23.33333333333329, 1, 10,1, 2.0,147.82788954570282
23.33333333333329, 1, 11,1, 2.0,181.33114513601274
23.33333333333329, 1, 5,1, 18.204503079187504,-2.0
23.33333333333329, 1, 6,1, 49.5877870483273,-2.0
23.33333333333329, 1, 1,1, -152.89000000000104,-2.0
23.33333333333329, 1, 4,1, -2.0,51.05747588354139
23.33333333333329, 1, 2,1, 2.0,-118.86000000000053
23.33333333333329, 1, 3,1, 2.0,-81.97604751521342